kind,stage,market_slug,market_title,outcome,settlement,pm_mid,pm_buy_ask,model_fair_prob,edge_pp,ev_pct,liquidity
advancement,SF,world-cup-nation-to-reach-semifinals,Nation To Reach Semifinals,Brazil,reach SF (advance incl ET/pens),0.335,0.34,0.5196,18.46,55.11,68524.0
advancement,QF,world-cup-nation-to-reach-quarterfinals,Nation To Reach Quarterfinals,Belgium,reach QF (advance incl ET/pens),0.315,0.32,0.4867,17.17,54.5,159907.7
advancement,R16,world-cup-nation-to-reach-round-of-16,Nation To Reach Round of 16,Bosnia and Herzegovina,reach R16 = win R32 tie (advance incl ET/pens),0.175,0.18,0.3402,16.52,94.4,36432.8
r32_to_advance,R32,world-cup-bosnia-herzegovina-stage-of-elimination,Bosnia & Herzegovina to advance past R32 (M81 vs United States),Bosnia & Herzegovina advances,win R32 tie incl ET/pens (derived NO on elim-R32),0.18,0.19,0.3433,16.33,90.71,34791.3
advancement,QF,world-cup-nation-to-reach-quarterfinals,Nation To Reach Quarterfinals,Paraguay,reach QF (advance incl ET/pens),0.1385,0.139,0.2901,15.16,109.47,14611.6
advancement,QF,world-cup-nation-to-reach-quarterfinals,Nation To Reach Quarterfinals,Brazil,reach QF (advance incl ET/pens),0.665,0.67,0.8006,13.56,20.39,32595.4
advancement,Final,world-cup-nation-to-reach-final,Nation to Reach Final,Brazil,reach final (advance incl ET/pens),0.175,0.18,0.3093,13.43,76.74,117228.4
advancement,R16,world-cup-nation-to-reach-round-of-16,Nation To Reach Round of 16,Sweden,reach R16 = win R32 tie (advance incl ET/pens),0.105,0.11,0.2353,13.03,124.11,43063.1
r32_to_advance,R32,world-cup-sweden-stage-of-elimination,Sweden to advance past R32 (M77 vs France),Sweden advances,win R32 tie incl ET/pens (derived NO on elim-R32),0.115,0.12,0.2362,12.12,105.38,14660.7
outright,Win,world-cup-winner,World Cup Winner,Brazil,outright champion (incl ET/pens),0.0705,0.071,0.1878,11.73,166.38,3654778.2
r32_to_advance,R32,world-cup-ecuador-stage-of-elimination,Ecuador to advance past R32 (M79 vs Mexico),Ecuador advances,win R32 tie incl ET/pens (derived NO on elim-R32),0.375,0.38,0.4871,11.21,29.9,35198.1
advancement,R16,world-cup-nation-to-reach-round-of-16,Nation To Reach Round of 16,Ecuador,reach R16 = win R32 tie (advance incl ET/pens),0.385,0.39,0.4884,10.34,26.86,29711.3
r32_to_advance,R32,world-cup-australia-stage-of-elimination,Australia to advance past R32 (M88 vs Egypt),Australia advances,win R32 tie incl ET/pens (derived NO on elim-R32),0.435,0.44,0.5338,9.88,22.7,33326.8
advancement,R16,world-cup-nation-to-reach-round-of-16,Nation To Reach Round of 16,Australia,reach R16 = win R32 tie (advance incl ET/pens),0.435,0.44,0.5336,9.86,22.66,26189.0
advancement,R16,world-cup-nation-to-reach-round-of-16,Nation To Reach Round of 16,Belgium,reach R16 = win R32 tie (advance incl ET/pens),0.585,0.59,0.6733,8.83,15.09,27398.5
advancement,SF,world-cup-nation-to-reach-semifinals,Nation To Reach Semifinals,Belgium,reach SF (advance incl ET/pens),0.105,0.11,0.1865,8.15,77.58,72488.4
r32_to_advance,R32,world-cup-belgium-stage-of-elimination,Belgium to advance past R32 (M82 vs Senegal),Belgium advances,win R32 tie incl ET/pens (derived NO on elim-R32),0.59,0.6,0.6707,8.07,13.67,18544.4
advancement,SF,world-cup-nation-to-reach-semifinals,Nation To Reach Semifinals,Paraguay,reach SF (advance incl ET/pens),0.0635,0.064,0.136,7.25,114.11,44899.4
r32_to_advance,R32,world-cup-ivory-coast-stage-of-elimination,Ivory Coast to advance past R32 (M78 vs Norway),Ivory Coast advances,win R32 tie incl ET/pens (derived NO on elim-R32),0.355,0.36,0.4235,6.85,19.29,8796.5
advancement,R16,world-cup-nation-to-reach-round-of-16,Nation To Reach Round of 16,Croatia,reach R16 = win R32 tie (advance incl ET/pens),0.3,0.31,0.3655,6.55,21.84,21280.2
advancement,Final,world-cup-nation-to-reach-final,Nation to Reach Final,Spain,reach final (advance incl ET/pens),0.215,0.22,0.2797,6.47,30.08,248868.8
advancement,Final,world-cup-nation-to-reach-final,Nation to Reach Final,Belgium,reach final (advance incl ET/pens),0.0315,0.032,0.0952,6.37,202.35,97034.6
advancement,QF,world-cup-nation-to-reach-quarterfinals,Nation To Reach Quarterfinals,Sweden,reach QF (advance incl ET/pens),0.0585,0.06,0.1222,6.37,108.89,75185.8
r32_to_advance,R32,world-cup-croatia-stage-of-elimination,Croatia to advance past R32 (M83 vs Portugal),Croatia advances,win R32 tie incl ET/pens (derived NO on elim-R32),0.305,0.31,0.3665,6.15,20.16,40421.6
advancement,R16,world-cup-nation-to-reach-round-of-16,Nation To Reach Round of 16,Ivory Coast,reach R16 = win R32 tie (advance incl ET/pens),0.365,0.37,0.4239,5.89,16.13,24911.9
advancement,R16,world-cup-nation-to-reach-round-of-16,Nation To Reach Round of 16,Austria,reach R16 = win R32 tie (advance incl ET/pens),0.132,0.135,0.1862,5.42,41.06,15411.6
advancement,QF,world-cup-nation-to-reach-quarterfinals,Nation To Reach Quarterfinals,Ecuador,reach QF (advance incl ET/pens),0.1305,0.131,0.1821,5.16,39.56,74207.4
advancement,QF,world-cup-nation-to-reach-quarterfinals,Nation To Reach Quarterfinals,Australia,reach QF (advance incl ET/pens),0.0675,0.08,0.1169,4.94,73.21,66470.4
outright,Win,world-cup-winner,World Cup Winner,Spain,outright champion (incl ET/pens),0.1125,0.113,0.1592,4.67,41.55,9195140.7
advancement,SF,world-cup-nation-to-reach-semifinals,Nation To Reach Semifinals,Morocco,reach SF (advance incl ET/pens),0.2355,0.249,0.2822,4.67,19.85,28577.8
r32_to_advance,R32,world-cup-austria-stage-of-elimination,Austria to advance past R32 (M84 vs Spain),Austria advances,win R32 tie incl ET/pens (derived NO on elim-R32),0.14,0.15,0.1863,4.63,33.08,33025.1
advancement,QF,world-cup-nation-to-reach-quarterfinals,Nation To Reach Quarterfinals,Colombia,reach QF (advance incl ET/pens),0.495,0.5,0.5388,4.38,8.84,139634.4
advancement,QF,world-cup-nation-to-reach-quarterfinals,Nation To Reach Quarterfinals,Canada,reach QF (advance incl ET/pens),0.295,0.3,0.3356,4.06,13.75,66836.9
r32_to_advance,R32,world-cup-colombia-stage-of-elimination,Colombia to advance past R32 (M87 vs Ghana),Colombia advances,win R32 tie incl ET/pens (derived NO on elim-R32),0.79,0.8,0.8275,3.75,4.74,41322.3
advancement,QF,world-cup-nation-to-reach-quarterfinals,Nation To Reach Quarterfinals,Bosnia and Herzegovina,reach QF (advance incl ET/pens),0.047,0.05,0.0822,3.52,74.94,92636.0
advancement,SF,world-cup-nation-to-reach-semifinals,Nation To Reach Semifinals,Colombia,reach SF (advance incl ET/pens),0.205,0.22,0.2388,3.38,16.48,140710.1
advancement,R16,world-cup-nation-to-reach-round-of-16,Nation To Reach Round of 16,Colombia,reach R16 = win R32 tie (advance incl ET/pens),0.795,0.8,0.8254,3.04,3.82,42904.3
advancement,SF,world-cup-nation-to-reach-semifinals,Nation To Reach Semifinals,Canada,reach SF (advance incl ET/pens),0.062,0.063,0.0894,2.74,44.26,60571.3
advancement,QF,world-cup-nation-to-reach-quarterfinals,Nation To Reach Quarterfinals,Croatia,reach QF (advance incl ET/pens),0.095,0.1,0.1221,2.71,28.57,62357.2
r32_to_advance,R32,world-cup-algeria-stage-of-elimination,Algeria to advance past R32 (M85 vs Switzerland),Algeria advances,win R32 tie incl ET/pens (derived NO on elim-R32),0.335,0.34,0.3618,2.68,7.99,32715.3
advancement,SF,world-cup-nation-to-reach-semifinals,Nation To Reach Semifinals,Sweden,reach SF (advance incl ET/pens),0.0335,0.039,0.0595,2.6,77.67,86048.4
outright,Win,world-cup-winner,World Cup Winner,Colombia,outright champion (incl ET/pens),0.0275,0.028,0.051,2.35,85.53,2344181.2
advancement,SF,world-cup-nation-to-reach-semifinals,Nation To Reach Semifinals,Australia,reach SF (advance incl ET/pens),0.0195,0.022,0.0426,2.31,118.36,108090.2
outright,Win,world-cup-winner,World Cup Winner,Belgium,outright champion (incl ET/pens),0.0135,0.014,0.0358,2.23,165.19,6349562.5
advancement,Final,world-cup-nation-to-reach-final,Nation to Reach Final,Paraguay,reach final (advance incl ET/pens),0.0195,0.02,0.0399,2.04,104.62,52289.7
advancement,QF,world-cup-nation-to-reach-quarterfinals,Nation To Reach Quarterfinals,Senegal,reach QF (advance incl ET/pens),0.165,0.17,0.1844,1.94,11.78,138656.3
advancement,R16,world-cup-nation-to-reach-round-of-16,Nation To Reach Round of 16,Algeria,reach R16 = win R32 tie (advance incl ET/pens),0.345,0.35,0.3608,1.58,4.57,21309.5
advancement,Final,world-cup-nation-to-reach-final,Nation to Reach Final,Sweden,reach final (advance incl ET/pens),0.0045,0.006,0.0189,1.44,319.56,51934.3
advancement,SF,world-cup-nation-to-reach-semifinals,Nation To Reach Semifinals,Croatia,reach SF (advance incl ET/pens),0.056,0.06,0.0684,1.24,22.11,52689.8
advancement,SF,world-cup-nation-to-reach-semifinals,Nation To Reach Semifinals,Switzerland,reach SF (advance incl ET/pens),0.0875,0.092,0.0998,1.23,14.1,72628.0
advancement,Final,world-cup-nation-to-reach-final,Nation to Reach Final,Morocco,reach final (advance incl ET/pens),0.097,0.099,0.1087,1.17,12.02,84248.2
advancement,QF,world-cup-nation-to-reach-quarterfinals,Nation To Reach Quarterfinals,Austria,reach QF (advance incl ET/pens),0.0485,0.049,0.0598,1.13,23.26,83913.4
advancement,SF,world-cup-nation-to-reach-semifinals,Nation To Reach Semifinals,Ecuador,reach SF (advance incl ET/pens),0.046,0.049,0.0566,1.06,23.04,72962.7
advancement,Final,world-cup-nation-to-reach-final,Nation to Reach Final,Canada,reach final (advance incl ET/pens),0.012,0.013,0.0206,0.86,71.67,76768.2
advancement,SF,world-cup-nation-to-reach-semifinals,Nation To Reach Semifinals,Algeria,reach SF (advance incl ET/pens),0.0225,0.025,0.0304,0.79,35.29,95009.0
advancement,Final,world-cup-nation-to-reach-final,Nation to Reach Final,Croatia,reach final (advance incl ET/pens),0.022,0.026,0.0297,0.77,35.09,98592.8
outright,Win,world-cup-winner,World Cup Winner,Paraguay,outright champion (incl ET/pens),0.0025,0.003,0.01,0.75,300.0,12709696.1
advancement,QF,world-cup-nation-to-reach-quarterfinals,Nation To Reach Quarterfinals,Algeria,reach QF (advance incl ET/pens),0.115,0.12,0.1223,0.73,6.33,78545.4
outright,Win,world-cup-winner,World Cup Winner,Croatia,outright champion (incl ET/pens),0.0035,0.004,0.0105,0.7,199.43,4946287.9
advancement,Final,world-cup-nation-to-reach-final,Nation to Reach Final,Ecuador,reach final (advance incl ET/pens),0.0145,0.015,0.0203,0.58,39.86,73922.2
r32_to_advance,R32,world-cup-cape-verde-stage-of-elimination,Cape Verde to advance past R32 (M86 vs Argentina),Cape Verde advances,win R32 tie incl ET/pens (derived NO on elim-R32),0.08,0.09,0.0853,0.53,6.64,116737.1
advancement,SF,world-cup-nation-to-reach-semifinals,Nation To Reach Semifinals,Bosnia and Herzegovina,reach SF (advance incl ET/pens),0.0075,0.011,0.0119,0.44,58.93,49603.1
advancement,R16,world-cup-nation-to-reach-round-of-16,Nation To Reach Round of 16,Cape Verde,reach R16 = win R32 tie (advance incl ET/pens),0.079,0.083,0.083,0.4,5.11,51400.1
advancement,Final,world-cup-nation-to-reach-final,Nation to Reach Final,Colombia,reach final (advance incl ET/pens),0.101,0.103,0.1043,0.33,3.27,97403.7
outright,Win,world-cup-winner,World Cup Winner,Sweden,outright champion (incl ET/pens),0.0015,0.002,0.0044,0.29,194.67,10448458.3
r32_to_advance,R32,world-cup-dr-congo-stage-of-elimination,DR Congo to advance past R32 (M80 vs England),DR Congo advances,win R32 tie incl ET/pens (derived NO on elim-R32),0.13,0.14,0.1328,0.28,2.12,32964.6
outright,Win,world-cup-winner,World Cup Winner,Switzerland,outright champion (incl ET/pens),0.0085,0.009,0.0112,0.27,31.76,5991318.4
advancement,Final,world-cup-nation-to-reach-final,Nation to Reach Final,Switzerland,reach final (advance incl ET/pens),0.0295,0.033,0.0319,0.24,8.07,139780.5
advancement,Final,world-cup-nation-to-reach-final,Nation to Reach Final,Senegal,reach final (advance incl ET/pens),0.0155,0.016,0.0175,0.2,12.77,83891.6
outright,Win,world-cup-winner,World Cup Winner,Australia,outright champion (incl ET/pens),0.0015,0.002,0.0033,0.18,118.67,12419919.7
advancement,Final,world-cup-nation-to-reach-final,Nation to Reach Final,Austria,reach final (advance incl ET/pens),0.0085,0.014,0.0103,0.18,20.71,151845.1
outright,Win,world-cup-winner,World Cup Winner,Ecuador,outright champion (incl ET/pens),0.0055,0.006,0.007,0.15,27.27,5387385.7
outright,Win,world-cup-winner,World Cup Winner,Canada,outright champion (incl ET/pens),0.0025,0.003,0.0037,0.12,47.2,9739358.1
outright,Win,world-cup-winner,World Cup Winner,Austria,outright champion (incl ET/pens),0.0015,0.002,0.0025,0.1,64.0,6660465.6
advancement,SF,world-cup-nation-to-reach-semifinals,Nation To Reach Semifinals,Egypt,reach SF (advance incl ET/pens),0.0355,0.04,0.0362,0.07,1.92,64986.9
outright,Win,world-cup-winner,World Cup Winner,Egypt,outright champion (incl ET/pens),0.0015,0.002,0.002,0.05,34.67,17903542.4
outright,Win,world-cup-winner,World Cup Winner,Algeria,outright champion (incl ET/pens),0.0015,0.002,0.0017,0.02,14.67,11505058.5
advancement,R16,world-cup-nation-to-reach-round-of-16,Nation To Reach Round of 16,DR Congo,reach R16 = win R32 tie (advance incl ET/pens),0.13,0.14,0.1302,0.02,0.18,12446.6
outright,Win,world-cup-winner,World Cup Winner,Senegal,outright champion (incl ET/pens),0.0045,0.005,0.0044,-0.01,-1.33,6337590.1
outright,Win,world-cup-winner,World Cup Winner,Bosnia-Herzegovina,outright champion (incl ET/pens),0.0005,0.0005,0.0003,-0.02,-44.0,13706452.8
advancement,SF,world-cup-nation-to-reach-semifinals,Nation To Reach Semifinals,Austria,reach SF (advance incl ET/pens),0.027,0.028,0.0268,-0.02,-0.89,95663.9
outright,Win,world-cup-winner,World Cup Winner,Ghana,outright champion (incl ET/pens),0.0005,0.0005,0.0001,-0.04,-76.0,18759402.3
outright,Win,world-cup-winner,World Cup Winner,Congo DR,outright champion (incl ET/pens),0.0005,0.0005,0.0001,-0.04,-76.0,22472914.9
outright,Win,world-cup-winner,World Cup Winner,Cape Verde,outright champion (incl ET/pens),0.0005,0.0005,0.0001,-0.04,-72.0,5701541.3
outright,Win,world-cup-winner,World Cup Winner,Netherlands,outright champion (incl ET/pens),0.0005,0.0005,0.0,-0.05,-100.0,1661745.8
advancement,Final,world-cup-nation-to-reach-final,Nation to Reach Final,Australia,reach final (advance incl ET/pens),0.0115,0.014,0.0108,-0.07,-6.43,124922.1
advancement,Final,world-cup-nation-to-reach-final,Nation to Reach Final,Cape Verde,reach final (advance incl ET/pens),0.0015,0.002,0.0008,-0.07,-44.0,62302.4
advancement,Final,world-cup-nation-to-reach-final,Nation to Reach Final,Bosnia and Herzegovina,reach final (advance incl ET/pens),0.0035,0.006,0.0026,-0.09,-25.71,39933.9
outright,Win,world-cup-winner,World Cup Winner,Ivory Coast,outright champion (incl ET/pens),0.0035,0.004,0.0014,-0.21,-59.43,6477520.0
advancement,R16,world-cup-nation-to-reach-round-of-16,Nation To Reach Round of 16,Argentina,reach R16 = win R32 tie (advance incl ET/pens),0.92,0.93,0.917,-0.3,-0.33,58012.8
advancement,SF,world-cup-nation-to-reach-semifinals,Nation To Reach Semifinals,DR Congo,reach SF (advance incl ET/pens),0.0085,0.012,0.0049,-0.36,-42.82,87176.2
advancement,Final,world-cup-nation-to-reach-final,Nation to Reach Final,Ivory Coast,reach final (advance incl ET/pens),0.0095,0.016,0.0056,-0.39,-40.63,89741.5
outright,Win,world-cup-winner,World Cup Winner,Morocco,outright champion (incl ET/pens),0.0405,0.041,0.0365,-0.4,-9.98,1302949.5
advancement,Final,world-cup-nation-to-reach-final,Nation to Reach Final,DR Congo,reach final (advance incl ET/pens),0.005,0.008,0.0007,-0.43,-85.2,39320.5
advancement,QF,world-cup-nation-to-reach-quarterfinals,Nation To Reach Quarterfinals,DR Congo,reach QF (advance incl ET/pens),0.038,0.04,0.0335,-0.45,-11.89,53887.1
advancement,R16,world-cup-nation-to-reach-round-of-16,Nation To Reach Round of 16,England,reach R16 = win R32 tie (advance incl ET/pens),0.875,0.88,0.8698,-0.52,-0.6,37006.3
r32_to_advance,R32,world-cup-argentina-stage-of-elimination,Argentina to advance past R32 (M86 vs Cape Verde),Argentina advances,win R32 tie incl ET/pens (derived NO on elim-R32),0.92,0.93,0.9147,-0.53,-0.58,37501.3
advancement,SF,world-cup-nation-to-reach-semifinals,Nation To Reach Semifinals,Cape Verde,reach SF (advance incl ET/pens),0.013,0.019,0.0056,-0.74,-56.62,177717.9
outright,Win,world-cup-winner,World Cup Winner,Argentina,outright champion (incl ET/pens),0.1955,0.196,0.1874,-0.81,-4.15,8816191.4
outright,Win,world-cup-winner,World Cup Winner,Mexico,outright champion (incl ET/pens),0.016,0.017,0.0076,-0.84,-52.5,1964721.1
advancement,Final,world-cup-nation-to-reach-final,Nation to Reach Final,Algeria,reach final (advance incl ET/pens),0.0165,0.017,0.0069,-0.96,-57.94,47821.1
advancement,Final,world-cup-nation-to-reach-final,Nation to Reach Final,Egypt,reach final (advance incl ET/pens),0.0185,0.02,0.0081,-1.04,-56.22,124715.6
advancement,Final,world-cup-nation-to-reach-final,Nation to Reach Final,Ghana,reach final (advance incl ET/pens),0.0115,0.016,0.001,-1.05,-91.48,102972.6
advancement,QF,world-cup-nation-to-reach-quarterfinals,Nation To Reach Quarterfinals,Cape Verde,reach QF (advance incl ET/pens),0.0385,0.039,0.028,-1.05,-27.38,94124.5
advancement,QF,world-cup-nation-to-reach-quarterfinals,Nation To Reach Quarterfinals,England,reach QF (advance incl ET/pens),0.605,0.61,0.5937,-1.13,-1.86,259433.6
r32_to_advance,R32,world-cup-england-stage-of-elimination,England to advance past R32 (M80 vs DR Congo),England advances,win R32 tie incl ET/pens (derived NO on elim-R32),0.88,0.89,0.8672,-1.28,-1.45,35085.3
advancement,QF,world-cup-nation-to-reach-quarterfinals,Nation To Reach Quarterfinals,Portugal,reach QF (advance incl ET/pens),0.295,0.3,0.2819,-1.31,-4.43,86909.8
outright,Win,world-cup-winner,World Cup Winner,Portugal,outright champion (incl ET/pens),0.0625,0.063,0.0492,-1.33,-21.28,3569257.4
outright,Win,world-cup-winner,World Cup Winner,Norway,outright champion (incl ET/pens),0.0205,0.021,0.0054,-1.51,-73.85,1776583.3
advancement,QF,world-cup-nation-to-reach-quarterfinals,Nation To Reach Quarterfinals,Switzerland,reach QF (advance incl ET/pens),0.305,0.31,0.2899,-1.51,-4.96,66490.7
advancement,Final,world-cup-nation-to-reach-final,Nation to Reach Final,Portugal,reach final (advance incl ET/pens),0.125,0.13,0.1095,-1.55,-12.4,142829.4
outright,Win,world-cup-winner,World Cup Winner,England,outright champion (incl ET/pens),0.1015,0.102,0.0841,-1.74,-17.14,7308398.3
advancement,R16,world-cup-nation-to-reach-round-of-16,Nation To Reach Round of 16,Ghana,reach R16 = win R32 tie (advance incl ET/pens),0.195,0.2,0.1746,-2.04,-10.46,28663.3
advancement,SF,world-cup-nation-to-reach-semifinals,Nation To Reach Semifinals,Spain,reach SF (advance incl ET/pens),0.435,0.44,0.4137,-2.13,-4.9,100121.5
outright,Win,world-cup-winner,World Cup Winner,USA,outright champion (incl ET/pens),0.0275,0.028,0.0042,-2.33,-84.73,3256250.4
advancement,SF,world-cup-nation-to-reach-semifinals,Nation To Reach Semifinals,Ivory Coast,reach SF (advance incl ET/pens),0.0455,0.047,0.0219,-2.36,-51.82,61179.5
advancement,SF,world-cup-nation-to-reach-semifinals,Nation To Reach Semifinals,Ghana,reach SF (advance incl ET/pens),0.033,0.034,0.0079,-2.51,-76.06,105336.3
r32_to_advance,R32,world-cup-switzerland-stage-of-elimination,Switzerland to advance past R32 (M85 vs Algeria),Switzerland advances,win R32 tie incl ET/pens (derived NO on elim-R32),0.665,0.67,0.6382,-2.68,-4.02,8262.3
advancement,QF,world-cup-nation-to-reach-quarterfinals,Nation To Reach Quarterfinals,Ivory Coast,reach QF (advance incl ET/pens),0.105,0.11,0.0724,-3.26,-31.01,81520.7
advancement,Final,world-cup-nation-to-reach-final,Nation to Reach Final,USA,reach final (advance incl ET/pens),0.052,0.053,0.0186,-3.34,-64.27,184136.5
advancement,SF,world-cup-nation-to-reach-semifinals,Nation To Reach Semifinals,Senegal,reach SF (advance incl ET/pens),0.08,0.09,0.0463,-3.37,-42.08,29218.6
advancement,SF,world-cup-nation-to-reach-semifinals,Nation To Reach Semifinals,Portugal,reach SF (advance incl ET/pens),0.225,0.23,0.19,-3.5,-15.57,93053.2
advancement,R16,world-cup-nation-to-reach-round-of-16,Nation To Reach Round of 16,Switzerland,reach R16 = win R32 tie (advance incl ET/pens),0.675,0.68,0.6392,-3.58,-5.3,29864.7
r32_to_advance,R32,world-cup-ghana-stage-of-elimination,Ghana to advance past R32 (M87 vs Colombia),Ghana advances,win R32 tie incl ET/pens (derived NO on elim-R32),0.21,0.22,0.1725,-3.75,-17.85,6122.9
advancement,Final,world-cup-nation-to-reach-final,Nation to Reach Final,Norway,reach final (advance incl ET/pens),0.055,0.06,0.0159,-3.91,-71.02,103833.8
advancement,QF,world-cup-nation-to-reach-quarterfinals,Nation To Reach Quarterfinals,Egypt,reach QF (advance incl ET/pens),0.14,0.15,0.0995,-4.05,-28.94,76284.3
advancement,QF,world-cup-nation-to-reach-quarterfinals,Nation To Reach Quarterfinals,Morocco,reach QF (advance incl ET/pens),0.705,0.71,0.6644,-4.06,-5.75,84758.5
advancement,Final,world-cup-nation-to-reach-final,Nation to Reach Final,Mexico,reach final (advance incl ET/pens),0.063,0.064,0.0216,-4.14,-65.75,133761.4
advancement,R16,world-cup-nation-to-reach-round-of-16,Nation To Reach Round of 16,Spain,reach R16 = win R32 tie (advance incl ET/pens),0.86,0.87,0.8138,-4.62,-5.37,37073.5
advancement,Final,world-cup-nation-to-reach-final,Nation to Reach Final,England,reach final (advance incl ET/pens),0.215,0.22,0.1562,-5.88,-27.34,374325.4
advancement,QF,world-cup-nation-to-reach-quarterfinals,Nation To Reach Quarterfinals,Spain,reach QF (advance incl ET/pens),0.595,0.6,0.5361,-5.89,-9.89,125684.9
advancement,R16,world-cup-nation-to-reach-round-of-16,Nation To Reach Round of 16,Norway,reach R16 = win R32 tie (advance incl ET/pens),0.635,0.64,0.5761,-5.89,-9.27,27896.8
advancement,QF,world-cup-nation-to-reach-quarterfinals,Nation To Reach Quarterfinals,Argentina,reach QF (advance incl ET/pens),0.815,0.82,0.7556,-5.94,-7.28,200220.3
advancement,R16,world-cup-nation-to-reach-round-of-16,Nation To Reach Round of 16,Portugal,reach R16 = win R32 tie (advance incl ET/pens),0.695,0.7,0.6345,-6.05,-8.71,34862.7
r32_to_advance,R32,world-cup-spain-stage-of-elimination,Spain to advance past R32 (M84 vs Austria),Spain advances,win R32 tie incl ET/pens (derived NO on elim-R32),0.875,0.88,0.8137,-6.13,-7.01,8942.2
r32_to_advance,R32,world-cup-portugal-stage-of-elimination,Portugal to advance past R32 (M83 vs Croatia),Portugal advances,win R32 tie incl ET/pens (derived NO on elim-R32),0.695,0.7,0.6335,-6.15,-8.85,7048.2
advancement,QF,world-cup-nation-to-reach-quarterfinals,Nation To Reach Quarterfinals,Ghana,reach QF (advance incl ET/pens),0.1125,0.113,0.0491,-6.34,-56.36,53038.0
r32_to_advance,R32,world-cup-norway-stage-of-elimination,Norway to advance past R32 (M78 vs Ivory Coast),Norway advances,win R32 tie incl ET/pens (derived NO on elim-R32),0.645,0.65,0.5765,-6.85,-10.62,4790.7
advancement,SF,world-cup-nation-to-reach-semifinals,Nation To Reach Semifinals,Mexico,reach SF (advance incl ET/pens),0.14,0.15,0.0591,-8.09,-57.77,90047.7
advancement,QF,world-cup-nation-to-reach-quarterfinals,Nation To Reach Quarterfinals,Mexico,reach QF (advance incl ET/pens),0.275,0.28,0.1907,-8.43,-30.66,79918.2
advancement,SF,world-cup-nation-to-reach-semifinals,Nation To Reach Semifinals,England,reach SF (advance incl ET/pens),0.375,0.38,0.2888,-8.62,-22.98,76377.9
advancement,SF,world-cup-nation-to-reach-semifinals,Nation To Reach Semifinals,Argentina,reach SF (advance incl ET/pens),0.625,0.63,0.5386,-8.64,-13.82,158836.5
advancement,R16,world-cup-nation-to-reach-round-of-16,Nation To Reach Round of 16,Senegal,reach R16 = win R32 tie (advance incl ET/pens),0.415,0.42,0.3267,-8.83,-21.27,33059.9
advancement,Final,world-cup-nation-to-reach-final,Nation to Reach Final,Argentina,reach final (advance incl ET/pens),0.395,0.4,0.3065,-8.85,-22.41,183631.6
r32_to_advance,R32,world-cup-senegal-stage-of-elimination,Senegal to advance past R32 (M82 vs Belgium),Senegal advances,win R32 tie incl ET/pens (derived NO on elim-R32),0.42,0.43,0.3293,-9.07,-21.58,7950.2
advancement,R16,world-cup-nation-to-reach-round-of-16,Nation To Reach Round of 16,Egypt,reach R16 = win R32 tie (advance incl ET/pens),0.565,0.57,0.4664,-9.86,-17.44,24161.1
r32_to_advance,R32,world-cup-egypt-stage-of-elimination,Egypt to advance past R32 (M88 vs Australia),Egypt advances,win R32 tie incl ET/pens (derived NO on elim-R32),0.565,0.57,0.4662,-9.88,-17.48,35799.4
advancement,SF,world-cup-nation-to-reach-semifinals,Nation To Reach Semifinals,Norway,reach SF (advance incl ET/pens),0.155,0.16,0.0491,-10.59,-68.35,89132.0
advancement,R16,world-cup-nation-to-reach-round-of-16,Nation To Reach Round of 16,Mexico,reach R16 = win R32 tie (advance incl ET/pens),0.62,0.63,0.5116,-10.84,-17.48,30335.2
advancement,SF,world-cup-nation-to-reach-semifinals,Nation To Reach Semifinals,USA,reach SF (advance incl ET/pens),0.165,0.17,0.0565,-10.85,-65.76,139280.5
r32_to_advance,R32,world-cup-mexico-stage-of-elimination,Mexico to advance past R32 (M79 vs Ecuador),Mexico advances,win R32 tie incl ET/pens (derived NO on elim-R32),0.625,0.63,0.5129,-11.21,-17.94,5588.3
r32_to_advance,R32,world-cup-france-stage-of-elimination,France to advance past R32 (M77 vs Sweden),France advances,win R32 tie incl ET/pens (derived NO on elim-R32),0.885,0.89,0.7638,-12.12,-13.69,33384.7
advancement,R16,world-cup-nation-to-reach-round-of-16,Nation To Reach Round of 16,France,reach R16 = win R32 tie (advance incl ET/pens),0.895,0.9,0.7647,-13.03,-14.56,74893.0
outright,Win,world-cup-winner,World Cup Winner,France,outright champion (incl ET/pens),0.2795,0.28,0.1291,-15.04,-53.82,6013618.3
advancement,QF,world-cup-nation-to-reach-quarterfinals,Nation To Reach Quarterfinals,Norway,reach QF (advance incl ET/pens),0.285,0.29,0.127,-15.8,-55.45,257382.5
r32_to_advance,R32,world-cup-usa-stage-of-elimination,USA to advance past R32 (M81 vs Bosnia and Herzegovina),USA advances,win R32 tie incl ET/pens (derived NO on elim-R32),0.825,0.83,0.6567,-16.83,-20.4,13025.6
advancement,R16,world-cup-nation-to-reach-round-of-16,Nation To Reach Round of 16,USA,reach R16 = win R32 tie (advance incl ET/pens),0.835,0.84,0.6598,-17.52,-20.98,46292.2
advancement,Final,world-cup-nation-to-reach-final,Nation to Reach Final,France,reach final (advance incl ET/pens),0.43,0.44,0.2489,-18.11,-42.12,251395.5
advancement,QF,world-cup-nation-to-reach-quarterfinals,Nation To Reach Quarterfinals,USA,reach QF (advance incl ET/pens),0.465,0.47,0.2467,-21.83,-46.95,371749.5
advancement,SF,world-cup-nation-to-reach-semifinals,Nation To Reach Semifinals,France,reach SF (advance incl ET/pens),0.655,0.66,0.4328,-22.22,-33.92,94474.6
advancement,QF,world-cup-nation-to-reach-quarterfinals,Nation To Reach Quarterfinals,France,reach QF (advance incl ET/pens),0.81,0.82,0.5877,-22.23,-27.45,149162.5
